location_id,postal_code,country,city,state,region
1,42420,United States,Henderson,Kentucky,South
2,90036,United States,Los Angeles,California,West
3,33311,United States,Fort Lauderdale,Florida,South
4,90032,United States,Los Angeles,California,West
5,28027,United States,Concord,North Carolina,South
6,98103,United States,Seattle,Washington,West
7,76106,United States,Fort Worth,Texas,Central
8,53711,United States,Madison,Wisconsin,Central
9,84084,United States,West Jordan,Utah,West
10,94109,United States,San Francisco,California,West
11,68025,United States,Fremont,Nebraska,Central
12,19140,United States,Philadelphia,Pennsylvania,East
13,84057,United States,Orem,Utah,West
14,90049,United States,Los Angeles,California,West
15,77095,United States,Houston,Texas,Central
16,75080,United States,Richardson,Texas,Central
17,77041,United States,Houston,Texas,Central
18,60540,United States,Naperville,Illinois,Central
19,32935,United States,Melbourne,Florida,South
20,55122,United States,Eagan,Minnesota,Central
21,48185,United States,Westland,Michigan,Central
22,19901,United States,Dover,Delaware,East
23,47150,United States,New Albany,Indiana,Central
24,10024,United States,New York City,New York,East
25,12180,United States,Troy,New York,East
26,90004,United States,Los Angeles,California,West
27,60610,United States,Chicago,Illinois,Central
28,85234,United States,Gilbert,Arizona,West
29,22153,United States,Springfield,Virginia,South
30,10009,United States,New York City,New York,East
31,49201,United States,Jackson,Michigan,Central
32,38109,United States,Memphis,Tennessee,South
33,77070,United States,Houston,Texas,Central
34,35601,United States,Decatur,Alabama,South
35,94122,United States,San Francisco,California,West
36,27707,United States,Durham,North Carolina,South
37,60623,United States,Chicago,Illinois,Central
38,29203,United States,Columbia,South Carolina,South
39,55901,United States,Rochester,Minnesota,Central
40,55407,United States,Minneapolis,Minnesota,Central
41,97206,United States,Portland,Oregon,West
42,55106,United States,Saint Paul,Minnesota,Central
43,80013,United States,Aurora,Colorado,West
44,28205,United States,Charlotte,North Carolina,South
45,60462,United States,Orland Park,Illinois,Central
46,10035,United States,New York City,New York,East
47,50322,United States,Urbandale,Iowa,Central
48,43229,United States,Columbus,Ohio,East
49,37620,United States,Bristol,Tennessee,South
50,19805,United States,Wilmington,Delaware,East
51,61701,United States,Bloomington,Illinois,Central
52,85023,United States,Phoenix,Arizona,West
53,95661,United States,Roseville,California,West
54,64055,United States,Independence,Missouri,Central
55,91104,United States,Pasadena,California,West
56,43055,United States,Newark,Ohio,East
57,53132,United States,Franklin,Wisconsin,Central
58,85254,United States,Scottsdale,Arizona,West
59,95123,United States,San Jose,California,West
60,98105,United States,Seattle,Washington,West
61,98115,United States,Seattle,Washington,West
62,73034,United States,Edmond,Oklahoma,Central
63,90045,United States,Los Angeles,California,West
64,19134,United States,Philadelphia,Pennsylvania,East
65,88220,United States,Carlsbad,New Mexico,West
66,78207,United States,San Antonio,Texas,Central
67,77036,United States,Houston,Texas,Central
68,62521,United States,Decatur,Illinois,Central
69,71203,United States,Monroe,Louisiana,South
70,6824,United States,Fairfield,Connecticut,East
71,75051,United States,Grand Prairie,Texas,Central
72,92374,United States,Redlands,California,West
73,45011,United States,Hamilton,Ohio,East
74,7090,United States,Westfield,New Jersey,East
75,19120,United States,Philadelphia,Pennsylvania,East
76,44312,United States,Akron,Ohio,East
77,80219,United States,Denver,Colorado,West
78,75220,United States,Dallas,Texas,Central
79,37064,United States,Franklin,Tennessee,South
80,90604,United States,Whittier,California,West
81,48601,United States,Saginaw,Michigan,Central
82,44256,United States,Medina,Ohio,East
83,43017,United States,Dublin,Ohio,East
84,48227,United States,Detroit,Michigan,Central
85,38401,United States,Columbia,Tennessee,South
86,33614,United States,Tampa,Florida,South
87,95051,United States,Santa Clara,California,West
88,55044,United States,Lakeville,Minnesota,Central
89,92037,United States,San Diego,California,West
90,77506,United States,Pasadena,Texas,Central
91,94513,United States,Brentwood,California,West
92,27514,United States,Chapel Hill,North Carolina,South
93,7960,United States,Morristown,New Jersey,East
94,45231,United States,Cincinnati,Ohio,East
95,94110,United States,San Francisco,California,West
96,90301,United States,Inglewood,California,West
97,33319,United States,Tamarac,Florida,South
98,80906,United States,Colorado Springs,Colorado,West
99,7109,United States,Belleville,New Jersey,East
100,48180,United States,Taylor,Michigan,Central
101,8701,United States,Lakewood,New Jersey,East
102,22204,United States,Arlington,Virginia,South
103,80004,United States,Arvada,Colorado,West
104,7601,United States,Hackensack,New Jersey,East
105,33710,United States,Saint Petersburg,Florida,South
106,19143,United States,Philadelphia,Pennsylvania,East
107,90805,United States,Long Beach,California,West
108,92345,United States,Hesperia,California,West
109,37130,United States,Murfreesboro,Tennessee,South
110,84041,United States,Layton,Utah,West
111,78745,United States,Austin,Texas,Central
112,1852,United States,Lowell,Massachusetts,East
113,31907,United States,Columbus,Georgia,South
114,6040,United States,Manchester,Connecticut,East
115,78550,United States,Harlingen,Texas,Central
116,85705,United States,Tucson,Arizona,West
117,62301,United States,Quincy,Illinois,Central
118,2038,United States,Franklin,Massachusetts,East
119,33024,United States,Pembroke Pines,Florida,South
120,98198,United States,Des Moines,Washington,West
121,61604,United States,Peoria,Illinois,Central
122,89115,United States,Las Vegas,Nevada,West
123,2886,United States,Warwick,Rhode Island,East
124,33180,United States,Miami,Florida,South
125,28403,United States,Wilmington,North Carolina,South
126,92646,United States,Huntington Beach,California,West
127,40475,United States,Richmond,Kentucky,South
128,80027,United States,Louisville,Colorado,West
129,1841,United States,Lawrence,Massachusetts,East
130,39212,United States,Jackson,Mississippi,South
131,48187,United States,Canton,Michigan,Central
132,10801,United States,New Rochelle,New York,East
133,28052,United States,Gastonia,North Carolina,South
134,32216,United States,Jacksonville,Florida,South
135,47201,United States,Columbus,Indiana,Central
136,13021,United States,Auburn,New York,East
137,73071,United States,Norman,Oklahoma,Central
138,94521,United States,Concord,California,West
139,60068,United States,Park Ridge,Illinois,Central
140,79109,United States,Amarillo,Texas,Central
141,11757,United States,Lindenhurst,New York,East
142,90008,United States,Los Angeles,California,West
143,92024,United States,San Diego,California,West
144,77340,United States,Huntsville,Texas,Central
145,14609,United States,Rochester,New York,East
146,72701,United States,Fayetteville,Arkansas,South
147,92627,United States,Costa Mesa,California,West
148,80134,United States,Parker,Colorado,West
149,30318,United States,Atlanta,Georgia,South
150,64118,United States,Gladstone,Missouri,Central
151,59405,United States,Great Falls,Montana,West
152,48234,United States,Detroit,Michigan,Central
153,33801,United States,Lakeland,Florida,South
154,36116,United States,Montgomery,Alabama,South
155,85204,United States,Mesa,Arizona,West
156,60653,United States,Chicago,Illinois,Central
157,54302,United States,Green Bay,Wisconsin,Central
158,45503,United States,Springfield,Ohio,East
159,92804,United States,Anaheim,California,West
160,98270,United States,Marysville,Washington,West
161,97301,United States,Salem,Oregon,West
162,78041,United States,Laredo,Texas,Central
163,75217,United States,Dallas,Texas,Central
164,43123,United States,Grove City,Ohio,East
165,10011,United States,New York City,New York,East
166,48126,United States,Dearborn,Michigan,Central
167,31088,United States,Warner Robins,Georgia,South
168,94591,United States,Vallejo,California,West
169,92691,United States,Mission Viejo,California,West
170,48307,United States,Rochester Hills,Michigan,Central
171,7060,United States,Plainfield,New Jersey,East
172,85635,United States,Sierra Vista,Arizona,West
173,98661,United States,Vancouver,Washington,West
174,60505,United States,Aurora,Illinois,Central
175,76017,United States,Arlington,Texas,Central
176,40214,United States,Louisville,Kentucky,South
177,75081,United States,Dallas,Texas,Central
178,44105,United States,Cleveland,Ohio,East
179,75701,United States,Tyler,Texas,Central
180,27217,United States,Burlington,North Carolina,South
181,22980,United States,Waynesboro,Virginia,South
182,19013,United States,Chester,Pennsylvania,East
183,27511,United States,Cary,North Carolina,South
184,32137,United States,Palm Coast,Florida,South
185,10550,United States,Mount Vernon,New York,East
186,48205,United States,Detroit,Michigan,Central
187,33012,United States,Hialeah,Florida,South
188,11572,United States,Oceanside,New York,East
189,92105,United States,San Diego,California,West
190,60201,United States,Evanston,Illinois,Central
191,48183,United States,Trenton,Michigan,Central
192,55016,United States,Cottage Grove,Minnesota,Central
193,71111,United States,Bossier City,Louisiana,South
194,50315,United States,Des Moines,Iowa,Central
195,93534,United States,Lancaster,California,West
196,23223,United States,Richmond,Virginia,South
197,28806,United States,Asheville,North Carolina,South
198,92530,United States,Lake Elsinore,California,West
199,68104,United States,Omaha,Nebraska,Central
200,98026,United States,Edmonds,Washington,West
201,92704,United States,Santa Ana,California,West
202,53209,United States,Milwaukee,Wisconsin,Central
203,41042,United States,Florence,Kentucky,South
204,44052,United States,Lorain,Ohio,East
205,7036,United States,Linden,New Jersey,East
206,93905,United States,Salinas,California,West
207,8901,United States,New Brunswick,New Jersey,East
208,17602,United States,Lancaster,Pennsylvania,East
209,3301,United States,Concord,New Hampshire,East
210,21044,United States,Columbia,Maryland,East
211,75043,United States,Garland,Texas,Central
212,6360,United States,Norwich,Connecticut,East
213,22304,United States,Alexandria,Virginia,South
214,43615,United States,Toledo,Ohio,East
215,87401,United States,Farmington,New Mexico,West
216,92503,United States,Riverside,California,West
217,90503,United States,Torrance,California,West
218,78664,United States,Round Rock,Texas,Central
219,92054,United States,Oceanside,California,West
220,33433,United States,Boca Raton,Florida,South
221,23464,United States,Virginia Beach,Virginia,South
222,92563,United States,Murrieta,California,West
223,28540,United States,Jacksonville,North Carolina,South
224,52601,United States,Burlington,Iowa,Central
225,98502,United States,Olympia,Washington,West
226,20016,United States,Washington,District of Columbia,East
227,65109,United States,Jefferson City,Missouri,Central
228,63376,United States,Saint Peters,Missouri,Central
229,61107,United States,Rockford,Illinois,Central
230,33142,United States,Miami,Florida,South
231,78521,United States,Brownsville,Texas,Central
232,10701,United States,Yonkers,New York,East
233,94601,United States,Oakland,California,West
234,28110,United States,Monroe,North Carolina,South
235,20735,United States,Clinton,Maryland,East
236,92024,United States,Encinitas,California,West
237,30076,United States,Roswell,Georgia,South
238,72401,United States,Jonesboro,Arkansas,South
239,47374,United States,Richmond,Indiana,Central
240,94509,United States,Antioch,California,West
241,33030,United States,Homestead,Florida,South
242,46350,United States,La Porte,Indiana,Central
243,48911,United States,Lansing,Michigan,Central
244,44221,United States,Cuyahoga Falls,Ohio,East
245,89502,United States,Reno,Nevada,West
246,22801,United States,Harrisonburg,Virginia,South
247,92025,United States,Escondido,California,West
248,48073,United States,Royal Oak,Michigan,Central
249,20852,United States,Rockville,Maryland,East
250,33065,United States,Coral Springs,Florida,South
251,14215,United States,Buffalo,New York,East
252,33437,United States,Boynton Beach,Florida,South
253,39503,United States,Gulfport,Mississippi,South
254,93727,United States,Fresno,California,West
255,27834,United States,Greenville,North Carolina,South
256,11561,United States,Long Beach,New York,East
257,35630,United States,Florence,Alabama,South
258,31204,United States,Macon,Georgia,South
259,52402,United States,Cedar Rapids,Iowa,Central
260,2908,United States,Providence,Rhode Island,East
261,81001,United States,Pueblo,Colorado,West
262,94533,United States,Fairfield,California,West
263,32725,United States,Deltona,Florida,South
264,42071,United States,Murray,Kentucky,South
265,6457,United States,Middletown,Connecticut,East
266,11520,United States,Freeport,New York,East
267,90660,United States,Pico Rivera,California,West
268,84604,United States,Provo,Utah,West
269,84062,United States,Pleasant Grove,Utah,West
270,30080,United States,Smyrna,Georgia,South
271,24153,United States,Salem,Virginia,South
272,44134,United States,Parma,Ohio,East
273,36608,United States,Mobile,Alabama,South
274,2740,United States,New Bedford,Massachusetts,East
275,75061,United States,Irving,Texas,Central
276,8360,United States,Vineland,New Jersey,East
277,85301,United States,Glendale,Arizona,West
278,14304,United States,Niagara Falls,New York,East
279,27360,United States,Thomasville,North Carolina,South
280,92683,United States,Westminster,California,West
281,38301,United States,Jackson,Tennessee,South
282,75019,United States,Coppell,Texas,Central
283,91767,United States,Pomona,California,West
284,89031,United States,North Las Vegas,Nevada,West
285,18103,United States,Allentown,Pennsylvania,East
286,19711,United States,Newark,Delaware,East
287,85281,United States,Tempe,Arizona,West
288,92677,United States,Laguna Niguel,California,West
289,8302,United States,Bridgeton,New Jersey,East
290,2149,United States,Everett,Massachusetts,East
291,13601,United States,Watertown,New York,East
292,54915,United States,Appleton,Wisconsin,Central
293,98006,United States,Bellevue,Washington,West
294,75002,United States,Allen,Texas,Central
295,79907,United States,El Paso,Texas,Central
296,76051,United States,Grapevine,Texas,Central
297,75007,United States,Carrollton,Texas,Central
298,37167,United States,Smyrna,Tennessee,South
299,98031,United States,Kent,Washington,West
300,70506,United States,Lafayette,Louisiana,South
301,97224,United States,Tigard,Oregon,West
302,60076,United States,Skokie,Illinois,Central
303,75023,United States,Plano,Texas,Central
304,23434,United States,Suffolk,Virginia,South
305,46203,United States,Indianapolis,Indiana,Central
306,7002,United States,Bayonne,New Jersey,East
307,28314,United States,Fayetteville,North Carolina,South
308,27405,United States,Greensboro,North Carolina,South
309,21215,United States,Baltimore,Maryland,East
310,53142,United States,Kenosha,Wisconsin,Central
311,66062,United States,Olathe,Kansas,Central
312,98002,United States,Auburn,Washington,West
313,74133,United States,Tulsa,Oklahoma,Central
314,97756,United States,Redmond,Oregon,West
315,27604,United States,Raleigh,North Carolina,South
316,74403,United States,Muskogee,Oklahoma,Central
317,6450,United States,Meriden,Connecticut,East
318,42104,United States,Bowling Green,Kentucky,South
319,46614,United States,South Bend,Indiana,Central
320,6010,United States,Bristol,Connecticut,East
321,89015,United States,Henderson,Nevada,West
322,99207,United States,Spokane,Washington,West
323,76248,United States,Keller,Texas,Central
324,45014,United States,Fairfield,Ohio,East
325,32127,United States,Port Orange,Florida,South
326,97504,United States,Medford,Oregon,West
327,22901,United States,Charlottesville,Virginia,South
328,59801,United States,Missoula,Montana,West
329,33178,United States,Miami,Florida,South
330,29501,United States,Florence,South Carolina,South
331,97477,United States,Springfield,Oregon,West
332,32712,United States,Apopka,Florida,South
333,19601,United States,Reading,Pennsylvania,East
334,80020,United States,Broomfield,Colorado,West
335,65807,United States,Springfield,Missouri,Central
336,7501,United States,Paterson,New Jersey,East
337,73120,United States,Oklahoma City,Oklahoma,Central
338,23320,United States,Chesapeake,Virginia,South
339,79424,United States,Lubbock,Texas,Central
340,65203,United States,Columbia,Missouri,Central
341,37604,United States,Johnson City,Tennessee,South
342,36830,United States,Auburn,Alabama,South
343,92404,United States,San Bernardino,California,West
344,1453,United States,Leominster,Massachusetts,East
345,59715,United States,Bozeman,Montana,West
346,85345,United States,Peoria,Arizona,West
347,44107,United States,Lakewood,Ohio,East
348,8861,United States,Perth Amboy,New Jersey,East
349,91761,United States,Ontario,California,West
350,91730,United States,Rancho Cucamonga,California,West
351,56560,United States,Moorhead,Minnesota,Central
352,75150,United States,Mesquite,Texas,Central
353,95207,United States,Stockton,California,West
354,32174,United States,Ormond Beach,Florida,South
355,94086,United States,Sunnyvale,California,West
356,3820,United States,Dover,New Hampshire,East
357,17403,United States,York,Pennsylvania,East
358,77840,United States,College Station,Texas,Central
359,63116,United States,Saint Louis,Missouri,Central
360,2169,United States,Quincy,Massachusetts,East
361,95336,United States,Manteca,California,West
362,44240,United States,Kent,Ohio,East
363,76903,United States,San Angelo,Texas,Central
364,84106,United States,Salt Lake City,Utah,West
365,35810,United States,Huntsville,Alabama,South
366,37918,United States,Knoxville,Tennessee,South
367,72209,United States,Little Rock,Arkansas,South
368,48146,United States,Lincoln Park,Michigan,Central
369,43302,United States,Marion,Ohio,East
370,80122,United States,Littleton,Colorado,West
371,4401,United States,Bangor,Maine,East
372,38671,United States,Southaven,Mississippi,South
373,47362,United States,New Castle,Indiana,Central
374,48640,United States,Midland,Michigan,Central
375,57103,United States,Sioux Falls,South Dakota,Central
376,80525,United States,Fort Collins,Colorado,West
377,47905,United States,Lafayette,Indiana,Central
378,37042,United States,Clarksville,Tennessee,South
379,95823,United States,Sacramento,California,West
380,91360,United States,Thousand Oaks,California,West
381,2148,United States,Malden,Massachusetts,East
382,1040,United States,Holyoke,Massachusetts,East
383,87105,United States,Albuquerque,New Mexico,West
384,89431,United States,Sparks,Nevada,West
385,92236,United States,Coachella,California,West
386,60126,United States,Elmhurst,Illinois,Central
387,7055,United States,Passaic,New Jersey,East
388,29406,United States,North Charleston,South Carolina,South
389,23602,United States,Newport News,Virginia,South
390,14701,United States,Jamestown,New York,East
391,46544,United States,Mishawaka,Indiana,Central
392,43402,United States,Bowling Green,Ohio,East
393,92253,United States,La Quinta,California,West
394,32303,United States,Tallahassee,Florida,South
395,37211,United States,Nashville,Tennessee,South
396,98226,United States,Bellingham,Washington,West
397,60098,United States,Woodstock,Illinois,Central
398,76117,United States,Haltom City,Texas,Central
399,60090,United States,Wheeling,Illinois,Central
400,29483,United States,Summerville,South Carolina,South
401,71901,United States,Hot Springs,Arkansas,South
402,80112,United States,Englewood,Colorado,West
403,43130,United States,Lancaster,Ohio,East
404,88001,United States,Las Cruces,New Mexico,West
405,35244,United States,Hoover,Alabama,South
406,75034,United States,Frisco,Texas,Central
407,95687,United States,Vacaville,California,West
408,84107,United States,Murray,Utah,West
409,53186,United States,Waukesha,Wisconsin,Central
410,93309,United States,Bakersfield,California,West
411,33068,United States,Pompano Beach,Florida,South
412,45373,United States,Troy,Ohio,East
413,78415,United States,Corpus Christi,Texas,Central
414,90278,United States,Redondo Beach,California,West
415,32839,United States,Orlando,Florida,South
416,7050,United States,Orange,New Jersey,East
417,70601,United States,Lake Charles,Louisiana,South
418,60035,United States,Highland Park,Illinois,Central
419,11550,United States,Hempstead,New York,East
420,46060,United States,Noblesville,Indiana,Central
421,55124,United States,Apple Valley,Minnesota,Central
422,29464,United States,Mount Pleasant,South Carolina,South
423,48310,United States,Sterling Heights,Michigan,Central
424,54703,United States,Eau Claire,Wisconsin,Central
425,78577,United States,Pharr,Texas,Central
426,59102,United States,Billings,Montana,West
427,97030,United States,Gresham,Oregon,West
428,37421,United States,Chattanooga,Tennessee,South
429,83642,United States,Meridian,Idaho,West
430,92307,United States,Apple Valley,California,West
431,60440,United States,Bolingbrook,Illinois,Central
432,55369,United States,Maple Grove,Minnesota,Central
433,95695,United States,Woodland,California,West
434,77489,United States,Missouri City,Texas,Central
435,77581,United States,Pearland,Texas,Central
436,94403,United States,San Mateo,California,West
437,49505,United States,Grand Rapids,Michigan,Central
438,93277,United States,Visalia,California,West
439,66212,United States,Overland Park,Kansas,Central
440,92592,United States,Temecula,California,West
441,92399,United States,Yucaipa,California,West
442,2151,United States,Revere,Massachusetts,East
443,77301,United States,Conroe,Texas,Central
444,60477,United States,Tinley Park,Illinois,Central
445,52001,United States,Dubuque,Iowa,Central
446,48127,United States,Dearborn Heights,Michigan,Central
447,87505,United States,Santa Fe,New Mexico,West
448,28601,United States,Hickory,North Carolina,South
449,60188,United States,Carol Stream,Illinois,Central
450,56301,United States,Saint Cloud,Minnesota,Central
451,33161,United States,North Miami,Florida,South
452,46226,United States,Lawrence,Indiana,Central
453,33317,United States,Plantation,Florida,South
454,34952,United States,Port Saint Lucie,Florida,South
455,29730,United States,Rock Hill,South Carolina,South
456,79762,United States,Odessa,Texas,Central
457,53214,United States,West Allis,Wisconsin,Central
458,91911,United States,Chula Vista,California,West
459,66502,United States,Manhattan,Kansas,Central
460,16602,United States,Altoona,Pennsylvania,East
461,80229,United States,Thornton,Colorado,West
462,61821,United States,Champaign,Illinois,Central
463,47401,United States,Bloomington,Indiana,Central
464,71854,United States,Texarkana,Arkansas,South
465,78539,United States,Edinburg,Texas,Central
466,77520,United States,Baytown,Texas,Central
467,46142,United States,Greenwood,Indiana,Central
468,90712,United States,Lakewood,California,West
469,2895,United States,Woonsocket,Rhode Island,East
470,54880,United States,Superior,Wisconsin,Central
471,76021,United States,Bedford,Texas,Central
472,98042,United States,Covington,Washington,West
473,74012,United States,Broken Arrow,Oklahoma,Central
474,33023,United States,Miramar,Florida,South
475,33021,United States,Hollywood,Florida,South
476,77536,United States,Deer Park,Texas,Central
477,67212,United States,Wichita,Kansas,Central
478,78501,United States,Mcallen,Texas,Central
479,52240,United States,Iowa City,Iowa,Central
480,83704,United States,Boise,Idaho,West
481,2920,United States,Cranston,Rhode Island,East
482,61032,United States,Freeport,Illinois,Central
483,77642,United States,Port Arthur,Texas,Central
484,95610,United States,Citrus Heights,California,West
485,75056,United States,The Colony,Texas,Central
486,98052,United States,Redmond,Washington,West
487,32114,United States,Daytona Beach,Florida,South
488,86442,United States,Bullhead City,Arizona,West
489,46368,United States,Portage,Indiana,Central
490,58103,United States,Fargo,North Dakota,Central
491,46514,United States,Elkhart,Indiana,Central
492,91776,United States,San Gabriel,California,West
493,33063,United States,Margate,Florida,South
494,30328,United States,Sandy Springs,Georgia,South
495,44060,United States,Mentor,Ohio,East
496,73505,United States,Lawton,Oklahoma,Central
497,23666,United States,Hampton,Virginia,South
498,13440,United States,Rome,New York,East
499,54601,United States,La Crosse,Wisconsin,Central
500,83501,United States,Lewiston,Idaho,West
501,39401,United States,Hattiesburg,Mississippi,South
502,94526,United States,Danville,California,West
503,48858,United States,Mount Pleasant,Michigan,Central
504,84321,United States,Logan,Utah,West
505,6708,United States,Waterbury,Connecticut,East
506,30605,United States,Athens,Georgia,South
507,4240,United States,Lewiston,Maine,East
508,61832,United States,Danville,Illinois,Central
509,85323,United States,Avondale,Arizona,West
510,30062,United States,Marietta,Georgia,South
511,85364,United States,Yuma,Arizona,West
512,54401,United States,Wausau,Wisconsin,Central
513,99301,United States,Pasco,Washington,West
514,60302,United States,Oak Park,Illinois,Central
515,32503,United States,Pensacola,Florida,South
516,77573,United States,League City,Texas,Central
517,20877,United States,Gaithersburg,Maryland,East
518,84043,United States,Lehi,Utah,West
519,35401,United States,Tuscaloosa,Alabama,South
520,92553,United States,Moreno Valley,California,West
521,40324,United States,Georgetown,Kentucky,South
522,80538,United States,Loveland,Colorado,West
523,85224,United States,Chandler,Arizona,West
524,59601,United States,Helena,Montana,West
525,63122,United States,Kirkwood,Missouri,Central
526,76706,United States,Waco,Texas,Central
527,48066,United States,Roseville,Michigan,Central
528,60423,United States,Frankfort,Illinois,Central
529,18018,United States,Bethlehem,Pennsylvania,East
530,55113,United States,Roseville,Minnesota,Central
531,68801,United States,Grand Island,Nebraska,Central
532,55125,United States,Woodbury,Minnesota,Central
533,48237,United States,Oak Park,Michigan,Central
534,72756,United States,Rogers,Arkansas,South
535,88101,United States,Clovis,New Mexico,West
536,33458,United States,Jupiter,Florida,South
537,93101,United States,Santa Barbara,California,West
538,75104,United States,Cedar Hill,Texas,Central
539,68701,United States,Norfolk,Nebraska,Central
540,84020,United States,Draper,Utah,West
541,48104,United States,Ann Arbor,Michigan,Central
542,91941,United States,La Mesa,California,West
543,83201,United States,Pocatello,Idaho,West
544,49423,United States,Holland,Michigan,Central
545,6460,United States,Milford,Connecticut,East
546,60089,United States,Buffalo Grove,Illinois,Central
547,92630,United States,Lake Forest,California,West
548,96003,United States,Redding,California,West
549,95928,United States,Chico,California,West
550,13501,United States,Utica,New York,East
551,72032,United States,Conway,Arkansas,South
552,82001,United States,Cheyenne,Wyoming,West
553,42301,United States,Owensboro,Kentucky,South
554,83605,United States,Caldwell,Idaho,West
555,70065,United States,Kenner,Louisiana,South
556,3060,United States,Nashua,New Hampshire,East
557,38134,United States,Bartlett,Tennessee,South
558,94061,United States,Redwood City,California,West
559,37087,United States,Lebanon,Tennessee,South
560,93454,United States,Santa Maria,California,West
561,60016,United States,Des Plaines,Illinois,Central
562,98632,United States,Longview,Washington,West
563,37075,United States,Hendersonville,Tennessee,South
564,50701,United States,Waterloo,Iowa,Central
565,2138,United States,Cambridge,Massachusetts,East
566,60067,United States,Palatine,Illinois,Central
567,1915,United States,Beverly,Massachusetts,East
568,97405,United States,Eugene,Oregon,West
569,93030,United States,Oxnard,California,West
570,98059,United States,Renton,Washington,West
571,60025,United States,Glenview,Illinois,Central
572,33445,United States,Delray Beach,Florida,South
573,80022,United States,Commerce City,Colorado,West
574,77590,United States,Texas City,Texas,Central
575,27893,United States,Wilson,North Carolina,South
576,87124,United States,Rio Rancho,New Mexico,West
577,27534,United States,Goldsboro,North Carolina,South
578,98208,United States,Everett,Washington,West
579,90640,United States,Montebello,California,West
580,92020,United States,El Cajon,California,West
581,77705,United States,Beaumont,Texas,Central
582,33407,United States,West Palm Beach,Florida,South
583,79605,United States,Abilene,Texas,Central
584,61761,United States,Normal,Illinois,Central
585,63301,United States,Saint Charles,Missouri,Central
586,60174,United States,Saint Charles,Illinois,Central
587,93010,United States,Camarillo,California,West
588,97123,United States,Hillsboro,Oregon,West
589,91505,United States,Burbank,California,West
590,95351,United States,Modesto,California,West
591,67846,United States,Garden City,Kansas,Central
592,8401,United States,Atlantic City,New Jersey,East
593,80501,United States,Longmont,Colorado,West
594,95616,United States,Davis,California,West
595,26003,United States,Wheeling,West Virginia,East
596,95037,United States,Morgan Hill,California,West
597,7011,United States,Clifton,New Jersey,East
598,53081,United States,Sheboygan,Wisconsin,Central
599,30344,United States,East Point,Georgia,South
600,57701,United States,Rapid City,South Dakota,Central
601,1810,United States,Andover,Massachusetts,East
602,34741,United States,Kissimmee,Florida,South
603,6484,United States,Shelton,Connecticut,East
604,6810,United States,Danbury,Connecticut,East
605,52302,United States,Marion,Iowa,Central
606,32771,United States,Sanford,Florida,South
607,78666,United States,San Marcos,Texas,Central
608,80634,United States,Greeley,Colorado,West
609,76063,United States,Mansfield,Texas,Central
610,44035,United States,Elyria,Ohio,East
611,83301,United States,Twin Falls,Idaho,West
612,33134,United States,Coral Gables,Florida,South
613,60441,United States,Romeoville,Illinois,Central
614,1752,United States,Marlborough,Massachusetts,East
615,20707,United States,Laurel,Maryland,East
616,77803,United States,Bryan,Texas,Central
617,71603,United States,Pine Bluff,Arkansas,South
618,57401,United States,Aberdeen,South Dakota,Central
619,21740,United States,Hagerstown,Maryland,East
620,7017,United States,East Orange,New Jersey,East
621,60004,United States,Arlington Heights,Illinois,Central
622,60543,United States,Oswego,Illinois,Central
623,55433,United States,Coon Rapids,Minnesota,Central
624,92672,United States,San Clemente,California,West
625,94568,United States,Dublin,California,West
626,93405,United States,San Luis Obispo,California,West
627,72762,United States,Springdale,Arkansas,South
